-----------------------------------------------
-- Types
-----------------------------------------------

INSERT OR IGNORE INTO Types
			(Type,								Kind					)
VALUES		('CIVILIZATION_RWB_LITHUANIA',		'KIND_CIVILIZATION'		);
		
-----------------------------------------------
-- Civilizations
-----------------------------------------------

INSERT OR IGNORE INTO Civilizations
			(
			CivilizationType,
			Name,
			Description,
			Adjective,
			StartingCivilizationLevelType,
			RandomCityNameDepth,
			Ethnicity
			)

VALUES		(
			'CIVILIZATION_RWB_LITHUANIA', --CivilizationType
			'LOC_CIVILIZATION_RWB_LITHUANIA_NAME', -- Name
			'LOC_CIVILIZATION_RWB_LITHUANIA_DESCRIPTION', -- Description
			'LOC_CIVILIZATION_RWB_LITHUANIA_ADJECTIVE', -- Adjective
			'CIVILIZATION_LEVEL_FULL_CIV', -- StartingCivilizationLevelType
			6, -- RandomCityNameDepth
			'ETHNICITY_EURO' -- Ethnicity
			);

-----------------------------------------------
-- NamedMountains
-----------------------------------------------

CREATE TABLE IF NOT EXISTS NamedMountains
        (
            NamedMountainType TEXT,
            Name TEXT
        );

REPLACE INTO NamedMountains
		(NamedMountainType,							    Name											)
VALUES	('NAMED_MOUNTAIN_KRYZIU_KALNAS',	            'LOC_NAMED_MOUNTAIN_KRYZIU_KALNAS'     	        ),
		('NAMED_MOUNTAIN_AUKSTOJO_KALNO',			    'LOC_NAMED_MOUNTAIN_AUKSTOJO_KALNO'      	    ),
		('NAMED_MOUNTAIN_MEDININKU_AUKSTUMOS',	        'LOC_NAMED_MOUNTAIN_MEDININKU_AUKSTUMOS' 	    ),
		('NAMED_MOUNTAIN_JUOZAPINES_KALNAS',		    'LOC_NAMED_MOUNTAIN_JUOZAPINES_KALNAS'   	    ),
		('NAMED_MOUNTAIN_KEPALUSKALINS_KALNAS',	        'LOC_NAMED_MOUNTAIN_KEPALUSKALINS_KALNAS'	    ),
		('NAMED_MOUNTAIN_ZYBARTONIO_KALNAS',		    'LOC_NAMED_MOUNTAIN_ZYBARTONIO_KALNAS'   	    ),
		('NAMED_MOUNTAIN_RAMBYNAS_KALNAS',			    'LOC_NAMED_MOUNTAIN_RAMBYNAS_KALNAS'    	    ),
		('NAMED_MOUNTAIN_OLANDO_KEPURE',			    'LOC_NAMED_MOUNTAIN_OLANDO_KEPURE'     	        ),
		('NAMED_MOUNTAIN_MONTANAS_PLIKASIS_KALNAS',	    'LOC_NAMED_MOUNTAIN_PLIKASIS_KALNAS'     	    );

    
    
    
-----------------------------------------------
-- NamedMountainCivilizations
-----------------------------------------------

CREATE TABLE IF NOT EXISTS NamedMountainCivilizations
(
    CivilizationType TEXT,
    NamedMountainType TEXT
);

INSERT OR IGNORE INTO NamedMountainCivilizations
		(CivilizationType,			NamedMountainType							    )
VALUES	('CIVILIZATION_RWB_LITHUANIA',	'NAMED_MOUNTAIN_KRYZIU_KALNAS'	            ),
		('CIVILIZATION_RWB_LITHUANIA',	'NAMED_MOUNTAIN_AUKSTOJO_KALNO'	            ),
		('CIVILIZATION_RWB_LITHUANIA',	'NAMED_MOUNTAIN_MEDININKU_AUKSTUMOS'	    ),
		('CIVILIZATION_RWB_LITHUANIA',	'NAMED_MOUNTAIN_JUOZAPINES_KALNAS'	        ),
		('CIVILIZATION_RWB_LITHUANIA',	'NAMED_MOUNTAIN_KEPALUSKALINS_KALNAS' 	    ),
		('CIVILIZATION_RWB_LITHUANIA',	'NAMED_MOUNTAIN_ZYBARTONIO_KALNAS'	        ),
		('CIVILIZATION_RWB_LITHUANIA',	'NAMED_MOUNTAIN_RAMBYNAS_KALNAS'	        ),
		('CIVILIZATION_RWB_LITHUANIA',	'NAMED_MOUNTAIN_OLANDO_KEPURE'	            ),
		('CIVILIZATION_RWB_LITHUANIA',	'NAMED_MOUNTAIN_MONTANAS_PLIKASIS_KALNAS'	);


-----------------------------------------------
-- NamedRivers
-----------------------------------------------

CREATE TABLE IF NOT EXISTS NamedRivers
(
    NamedRiverType TEXT,
    Name TEXT
);

INSERT OR REPLACE INTO NamedRivers
		(NamedRiverType,					Name									)
VALUES	('NAMED_RIVER_NEMUNO_UPE',           'LOC_NAMED_RIVER_NEMUNO_UPE'   	        ),
		('NAMED_RIVER_DUBYSA',               'LOC_NAMED_RIVER_DUBYSA'       	        ),
		('NAMED_RIVER_NERIES_UPE',           'LOC_NAMED_RIVER_NERIES_UPE'   	        ),
		('NAMED_RIVER_VENTA_UPE',            'LOC_NAMED_RIVER_VENTA_UPE'    	        ),
		('NAMED_RIVER_SESUPE_UPE',           'LOC_NAMED_RIVER_SESUPE_UPE'   	        ),
		('NAMED_RIVER_SVENTOJI_UPE',         'LOC_NAMED_RIVER_SVENTOJI_UPE' 	        ),
		('NAMED_RIVER_NEVEZIS_UPE',          'LOC_NAMED_RIVER_NEVEZIS_UPE'  	        ),
		('NAMED_RIVER_MERKYS_UPE',           'LOC_NAMED_RIVER_MERKYS_UPE'   	        ),
		('NAMED_RIVER_MINIJA_UPE',           'LOC_NAMED_RIVER_MINIJA_UPE'   	        ),
		('NAMED_RIVER_NEMUNELIS_UPE',        'LOC_NAMED_RIVER_NEMUNELIS_UPE'	        ),
		('NAMED_RIVER_DYSNA_UPE',            'LOC_NAMED_RIVER_DYSNA_UPE'    	        );

-----------------------------------------------
-- NamedRiverCivilizations
-----------------------------------------------

CREATE TABLE IF NOT EXISTS NamedRiverCivilizations
(
    CivilizationType TEXT,
    NamedRiverType TEXT
);

INSERT OR IGNORE INTO NamedRiverCivilizations
		(CivilizationType,			    NamedRiverType					 )
VALUES	('CIVILIZATION_RWB_LITHUANIA',	'NAMED_RIVER_NEMUNO_UPE'   	 ),
		('CIVILIZATION_RWB_LITHUANIA',	'NAMED_RIVER_DUBYSA'       	 ),
		('CIVILIZATION_RWB_LITHUANIA',	'NAMED_RIVER_NERIES_UPE'   	 ),
		('CIVILIZATION_RWB_LITHUANIA',	'NAMED_RIVER_VENTA_UPE'    	 ),
		('CIVILIZATION_RWB_LITHUANIA',	'NAMED_RIVER_SESUPE_UPE'   	 ),
		('CIVILIZATION_RWB_LITHUANIA',	'NAMED_RIVER_SVENTOJI_UPE' 	 ),
		('CIVILIZATION_RWB_LITHUANIA',	'NAMED_RIVER_NEVEZIS_UPE'  	 ),
		('CIVILIZATION_RWB_LITHUANIA',	'NAMED_RIVER_MERKYS_UPE'   	 ),
		('CIVILIZATION_RWB_LITHUANIA',	'NAMED_RIVER_MINIJA_UPE'   	 ),
		('CIVILIZATION_RWB_LITHUANIA',	'NAMED_RIVER_NEMUNELIS_UPE'	 ),
		('CIVILIZATION_RWB_LITHUANIA',	'NAMED_RIVER_DYSNA_UPE'    	 );


-----------------------------------------------
-- NamedLakes
-----------------------------------------------

CREATE TABLE IF NOT EXISTS NamedLakes
(
    NamedLakeType TEXT,
    Name TEXT
);

INSERT OR IGNORE INTO NamedLakes
		(NamedLakeType,						Name								    )
VALUES	('NAMED_LAKE_DRUKSIU_EZERAS'  ,		'LOC_NAMED_LAKE_DRUKSIU_EZERAS'    	    ),
		('NAMED_LAKE_TAURAGNAS_EZERAS',		'LOC_NAMED_LAKE_TAURAGNAS_EZERAS'       ),
		('NAMED_LAKE_ASVEJA_EZERAS'   ,		'LOC_NAMED_LAKE_ASVEJA_EZERAS'    	    ),
		('NAMED_LAKE_VISTYCIO_EZERAS' ,		'LOC_NAMED_LAKE_VISTYCIO_EZERAS'   	    ),
		('NAMED_LAKE_PLATELIY_EZERAS' ,		'LOC_NAMED_LAKE_PLATELIY_EZERAS'   	    ),
		('NAMED_LAKE_DYSNU_EZERAS'    ,		'LOC_NAMED_LAKE_DYSNU_EZERAS'      	    ),
		('NAMED_LAKE_DUSIOS_EZERAS'   ,		'LOC_NAMED_LAKE_DUSIOS_EZERAS'     	    ),
		('NAMED_LAKE_SARTU_EZERAS'    ,		'LOC_NAMED_LAKE_SARTU_EZERAS'      	    ),
		('NAMED_LAKE_LUODZIO_EZERAS'  ,		'LOC_NAMED_LAKE_LUODZIO_EZERAS'    	    ),
		('NAMED_LAKE_METELIO_EZERAS'  ,		'LOC_NAMED_LAKE_METELIO_EZERAS'    	    ),
		('NAMED_LAKE_AVILIO_EZERAS'   ,		'LOC_NAMED_LAKE_AVILIO_EZERAS'     	    ),
		('NAMED_LAKE_PLATELIU_EZERAS' ,		'LOC_NAMED_LAKE_PLATELIU_EZERAS'   	    ),
		('NAMED_LAKE_REKYVOS_EZERAS'  ,		'LOC_NAMED_LAKE_REKYVOS_EZERAS'    	    );

-----------------------------------------------
-- NamedLakeCivilizations
-----------------------------------------------

CREATE TABLE IF NOT EXISTS NamedLakeCivilizations
(
    CivilizationType TEXT,
    NamedLakeType TEXT
);

INSERT OR IGNORE INTO NamedLakeCivilizations
		(CivilizationType,			NamedLakeType					)
VALUES	('CIVILIZATION_RWB_LITHUANIA',	'NAMED_LAKE_DRUKSIU_EZERAS'  	),
		('CIVILIZATION_RWB_LITHUANIA',	'NAMED_LAKE_TAURAGNAS_EZERAS'	),
		('CIVILIZATION_RWB_LITHUANIA',	'NAMED_LAKE_ASVEJA_EZERAS'   	),
		('CIVILIZATION_RWB_LITHUANIA',	'NAMED_LAKE_VISTYCIO_EZERAS' 	),
		('CIVILIZATION_RWB_LITHUANIA',	'NAMED_LAKE_PLATELIY_EZERAS' 	),
		('CIVILIZATION_RWB_LITHUANIA',	'NAMED_LAKE_DYSNU_EZERAS'    	),
		('CIVILIZATION_RWB_LITHUANIA',	'NAMED_LAKE_DUSIOS_EZERAS'   	),
		('CIVILIZATION_RWB_LITHUANIA',	'NAMED_LAKE_SARTU_EZERAS'    	),
		('CIVILIZATION_RWB_LITHUANIA',	'NAMED_LAKE_LUODZIO_EZERAS'  	),
		('CIVILIZATION_RWB_LITHUANIA',	'NAMED_LAKE_METELIO_EZERAS'  	),
		('CIVILIZATION_RWB_LITHUANIA',	'NAMED_LAKE_AVILIO_EZERAS'   	),
		('CIVILIZATION_RWB_LITHUANIA',	'NAMED_LAKE_PLATELIU_EZERAS' 	),
		('CIVILIZATION_RWB_LITHUANIA',	'NAMED_LAKE_REKYVOS_EZERAS'  	);

-----------------------------------------------
-- NamedSeas
-----------------------------------------------

CREATE TABLE IF NOT EXISTS NamedSeas
(
    NamedSeaType TEXT,
    Name TEXT
);

INSERT OR IGNORE INTO NamedSeas
		(NamedSeaType,						Name										)
VALUES	('NAMED_SEA_BALTIJOS_JURA',	'LOC_NAMED_SEAS_BALTIJOS_JURA'		);
    
-----------------------------------------------
-- NamedSeaCivilizations
-----------------------------------------------

CREATE TABLE IF NOT EXISTS NamedSeaCivilizations
(
    CivilizationType TEXT,
    NamedSeaType TEXT
);

INSERT OR IGNORE INTO NamedSeaCivilizations
		(CivilizationType,			NamedSeaType					)
VALUES	('CIVILIZATION_RWB_LITHUANIA',	'NAMED_SEA_BALTIJOS_JURA'	);

-----------------------------------------------
-- NamedDeserts
-----------------------------------------------
-- NamedDesertCivilizations
-----------------------------------------------
-- NamedVolcanoes
-----------------------------------------------
-- NamedVolcanoCivilizations
-----------------------------------------------


-----------------------------------------------
-- CityNames
-----------------------------------------------

INSERT OR IGNORE INTO CityNames	
		(CivilizationType,			    CityName)	
VALUES	('CIVILIZATION_RWB_LITHUANIA',	'LOC_CITY_NAME_RWB_LITHUANIA_1'),	
		('CIVILIZATION_RWB_LITHUANIA',	'LOC_CITY_NAME_RWB_LITHUANIA_2'),	
		('CIVILIZATION_RWB_LITHUANIA',	'LOC_CITY_NAME_RWB_LITHUANIA_3'),	
		('CIVILIZATION_RWB_LITHUANIA',	'LOC_CITY_NAME_RWB_LITHUANIA_4'),	
		('CIVILIZATION_RWB_LITHUANIA',	'LOC_CITY_NAME_RWB_LITHUANIA_5'),	
		('CIVILIZATION_RWB_LITHUANIA',	'LOC_CITY_NAME_RWB_LITHUANIA_6'),	
		('CIVILIZATION_RWB_LITHUANIA',	'LOC_CITY_NAME_RWB_LITHUANIA_7'),	
		('CIVILIZATION_RWB_LITHUANIA',	'LOC_CITY_NAME_RWB_LITHUANIA_8'),	
		('CIVILIZATION_RWB_LITHUANIA',	'LOC_CITY_NAME_RWB_LITHUANIA_9'),	
		('CIVILIZATION_RWB_LITHUANIA',	'LOC_CITY_NAME_RWB_LITHUANIA_10'),	
		('CIVILIZATION_RWB_LITHUANIA',	'LOC_CITY_NAME_RWB_LITHUANIA_11'),	
		('CIVILIZATION_RWB_LITHUANIA',	'LOC_CITY_NAME_RWB_LITHUANIA_12'),	
		('CIVILIZATION_RWB_LITHUANIA',	'LOC_CITY_NAME_RWB_LITHUANIA_13'),	
		('CIVILIZATION_RWB_LITHUANIA',	'LOC_CITY_NAME_RWB_LITHUANIA_14'),	
		('CIVILIZATION_RWB_LITHUANIA',	'LOC_CITY_NAME_RWB_LITHUANIA_15'),	
		('CIVILIZATION_RWB_LITHUANIA',	'LOC_CITY_NAME_RWB_LITHUANIA_16'),	
		('CIVILIZATION_RWB_LITHUANIA',	'LOC_CITY_NAME_RWB_LITHUANIA_17'),	
		('CIVILIZATION_RWB_LITHUANIA',	'LOC_CITY_NAME_RWB_LITHUANIA_18'),
		('CIVILIZATION_RWB_LITHUANIA',	'LOC_CITY_NAME_RWB_LITHUANIA_19'),	
		('CIVILIZATION_RWB_LITHUANIA',	'LOC_CITY_NAME_RWB_LITHUANIA_20'),	
		('CIVILIZATION_RWB_LITHUANIA',	'LOC_CITY_NAME_RWB_LITHUANIA_21'),	
		('CIVILIZATION_RWB_LITHUANIA',	'LOC_CITY_NAME_RWB_LITHUANIA_22'),	
		('CIVILIZATION_RWB_LITHUANIA',	'LOC_CITY_NAME_RWB_LITHUANIA_23'),	
		('CIVILIZATION_RWB_LITHUANIA',	'LOC_CITY_NAME_RWB_LITHUANIA_24'),	
		('CIVILIZATION_RWB_LITHUANIA',	'LOC_CITY_NAME_RWB_LITHUANIA_25'),	
		('CIVILIZATION_RWB_LITHUANIA',	'LOC_CITY_NAME_RWB_LITHUANIA_26'),	
		('CIVILIZATION_RWB_LITHUANIA',	'LOC_CITY_NAME_RWB_LITHUANIA_27'),	
		('CIVILIZATION_RWB_LITHUANIA',	'LOC_CITY_NAME_RWB_LITHUANIA_28'),
		('CIVILIZATION_RWB_LITHUANIA',	'LOC_CITY_NAME_RWB_LITHUANIA_29'),
		('CIVILIZATION_RWB_LITHUANIA',	'LOC_CITY_NAME_RWB_LITHUANIA_30');
		
-----------------------------------------------
-- CivilizationCitizenNames
-----------------------------------------------

INSERT OR IGNORE INTO CivilizationCitizenNames	
		(CivilizationType,			CitizenName,								Female,		Modern)
VALUES	('CIVILIZATION_RWB_LITHUANIA',	'LOC_CITIZEN_RWB_LITHUANIA_MALE_1',				0,			0),
		('CIVILIZATION_RWB_LITHUANIA',	'LOC_CITIZEN_RWB_LITHUANIA_MALE_2',				0,			0),
		('CIVILIZATION_RWB_LITHUANIA',	'LOC_CITIZEN_RWB_LITHUANIA_MALE_3',				0,			0),
		('CIVILIZATION_RWB_LITHUANIA',	'LOC_CITIZEN_RWB_LITHUANIA_MALE_4',				0,			0),
		('CIVILIZATION_RWB_LITHUANIA',	'LOC_CITIZEN_RWB_LITHUANIA_MALE_5',				0,			0),
		('CIVILIZATION_RWB_LITHUANIA',	'LOC_CITIZEN_RWB_LITHUANIA_MALE_6',				0,			0),
		('CIVILIZATION_RWB_LITHUANIA',	'LOC_CITIZEN_RWB_LITHUANIA_MALE_7',				0,			0),
		('CIVILIZATION_RWB_LITHUANIA',	'LOC_CITIZEN_RWB_LITHUANIA_MALE_8',				0,			0),
		('CIVILIZATION_RWB_LITHUANIA',	'LOC_CITIZEN_RWB_LITHUANIA_MALE_9',				0,			0),
		('CIVILIZATION_RWB_LITHUANIA',	'LOC_CITIZEN_RWB_LITHUANIA_MALE_10',			0,			0),
		('CIVILIZATION_RWB_LITHUANIA',	'LOC_CITIZEN_RWB_LITHUANIA_FEMALE_1',			1,			0),
		('CIVILIZATION_RWB_LITHUANIA',	'LOC_CITIZEN_RWB_LITHUANIA_FEMALE_2',			1,			0),
		('CIVILIZATION_RWB_LITHUANIA',	'LOC_CITIZEN_RWB_LITHUANIA_FEMALE_3',			1,			0),
		('CIVILIZATION_RWB_LITHUANIA',	'LOC_CITIZEN_RWB_LITHUANIA_FEMALE_4',			1,			0),
		('CIVILIZATION_RWB_LITHUANIA',	'LOC_CITIZEN_RWB_LITHUANIA_FEMALE_5',			1,			0),
		('CIVILIZATION_RWB_LITHUANIA',	'LOC_CITIZEN_RWB_LITHUANIA_FEMALE_6',			1,			0),
		('CIVILIZATION_RWB_LITHUANIA',	'LOC_CITIZEN_RWB_LITHUANIA_FEMALE_7',			1,			0),
		('CIVILIZATION_RWB_LITHUANIA',	'LOC_CITIZEN_RWB_LITHUANIA_FEMALE_8',			1,			0),
		('CIVILIZATION_RWB_LITHUANIA',	'LOC_CITIZEN_RWB_LITHUANIA_FEMALE_9',			1,			0),
		('CIVILIZATION_RWB_LITHUANIA',	'LOC_CITIZEN_RWB_LITHUANIA_FEMALE_10',			1,			0),
		('CIVILIZATION_RWB_LITHUANIA',	'LOC_CITIZEN_RWB_LITHUANIA_MODERN_MALE_1',		0,			1),
		('CIVILIZATION_RWB_LITHUANIA',	'LOC_CITIZEN_RWB_LITHUANIA_MODERN_MALE_2',		0,			1),
		('CIVILIZATION_RWB_LITHUANIA',	'LOC_CITIZEN_RWB_LITHUANIA_MODERN_MALE_3',		0,			1),
		('CIVILIZATION_RWB_LITHUANIA',	'LOC_CITIZEN_RWB_LITHUANIA_MODERN_MALE_4',		0,			1),
		('CIVILIZATION_RWB_LITHUANIA',	'LOC_CITIZEN_RWB_LITHUANIA_MODERN_MALE_5',		0,			1),
		('CIVILIZATION_RWB_LITHUANIA',	'LOC_CITIZEN_RWB_LITHUANIA_MODERN_MALE_6',		0,			1),
		('CIVILIZATION_RWB_LITHUANIA',	'LOC_CITIZEN_RWB_LITHUANIA_MODERN_MALE_7',		0,			1),
		('CIVILIZATION_RWB_LITHUANIA',	'LOC_CITIZEN_RWB_LITHUANIA_MODERN_MALE_8',		0,			1),
		('CIVILIZATION_RWB_LITHUANIA',	'LOC_CITIZEN_RWB_LITHUANIA_MODERN_MALE_9',		0,			1),
		('CIVILIZATION_RWB_LITHUANIA',	'LOC_CITIZEN_RWB_LITHUANIA_MODERN_MALE_10',		0,			1),
		('CIVILIZATION_RWB_LITHUANIA',	'LOC_CITIZEN_RWB_LITHUANIA_MODERN_FEMALE_1',	1,			1),
		('CIVILIZATION_RWB_LITHUANIA',	'LOC_CITIZEN_RWB_LITHUANIA_MODERN_FEMALE_2',	1,			1),
		('CIVILIZATION_RWB_LITHUANIA',	'LOC_CITIZEN_RWB_LITHUANIA_MODERN_FEMALE_3',	1,			1),
		('CIVILIZATION_RWB_LITHUANIA',	'LOC_CITIZEN_RWB_LITHUANIA_MODERN_FEMALE_4',	1,			1),
		('CIVILIZATION_RWB_LITHUANIA',	'LOC_CITIZEN_RWB_LITHUANIA_MODERN_FEMALE_5',	1,			1),
		('CIVILIZATION_RWB_LITHUANIA',	'LOC_CITIZEN_RWB_LITHUANIA_MODERN_FEMALE_6',	1,			1),
		('CIVILIZATION_RWB_LITHUANIA',	'LOC_CITIZEN_RWB_LITHUANIA_MODERN_FEMALE_7',	1,			1),
		('CIVILIZATION_RWB_LITHUANIA',	'LOC_CITIZEN_RWB_LITHUANIA_MODERN_FEMALE_8',	1,			1),
		('CIVILIZATION_RWB_LITHUANIA',	'LOC_CITIZEN_RWB_LITHUANIA_MODERN_FEMALE_9',	1,			1),
		('CIVILIZATION_RWB_LITHUANIA',	'LOC_CITIZEN_RWB_LITHUANIA_MODERN_FEMALE_10',	1,			1);

-----------------------------------------------
-- CivilizationInfo
-----------------------------------------------

INSERT OR IGNORE INTO	CivilizationInfo
		(CivilizationType,					Header,						Caption,									SortIndex	)
VALUES	('CIVILIZATION_RWB_LITHUANIA',		'LOC_CIVINFO_LOCATION',		'LOC_CIVINFO_RWB_LITHUANIA_LOCATION',		10			),
		('CIVILIZATION_RWB_LITHUANIA',		'LOC_CIVINFO_SIZE',			'LOC_CIVINFO_RWB_LITHUANIA_SIZE',			20			),
		('CIVILIZATION_RWB_LITHUANIA',		'LOC_CIVINFO_POPULATION',	'LOC_CIVINFO_RWB_LITHUANIA_POPULATION',		30			),
		('CIVILIZATION_RWB_LITHUANIA',		'LOC_CIVINFO_CAPITAL',		'LOC_CIVINFO_RWB_LITHUANIA_CAPITAL',		40			);
		
-----------------------------------------------
-- Start Bias
-----------------------------------------------

INSERT OR IGNORE INTO	StartBiasFeatures
		(CivilizationType,				            FeatureType,						Tier)
VALUES	('CIVILIZATION_RWB_LITHUANIA',	            'FEATURE_MARSH',					2	),
		('CIVILIZATION_RWB_LITHUANIA',	            'FEATURE_FOREST',					4	) UNION
SELECT  'CIVILIZATION_RWB_LITHUANIA',   FeatureType,                        3 FROM Features WHERE FeatureType LIKE '%FLOODPLAIN%';


------------------------------------------------------------	
-- StartPosition 
------------------------------------------------------------	

CREATE TABLE IF NOT EXISTS StartPosition (MapName TEXT, Civilization TEXT, Leader TEXT, X INT default 0, Y INT default 0);

INSERT OR IGNORE INTO StartPosition
(Civilization,                      Leader,                       MapName,                    X,        Y)
VALUES  ('CIVILIZATION_RWB_LITHUANIA',      'LEADER_RWB_VYTAUTAS',        'GiantEarth',               29,        75),
        ('CIVILIZATION_RWB_LITHUANIA',      'LEADER_RWB_VYTAUTAS',        'FiraxisTSL',               43,        47),
        ('CIVILIZATION_RWB_LITHUANIA',      'LEADER_RWB_VYTAUTAS',        'FiraxisTSL_Europe',        47,        30),
        ('CIVILIZATION_RWB_LITHUANIA',      'LEADER_RWB_VYTAUTAS',        'GreatestEarthMap',         56,        57),
        ('CIVILIZATION_RWB_LITHUANIA',      'LEADER_RWB_VYTAUTAS',        'PlayEuropeAgain',          61,        65),
        ('CIVILIZATION_RWB_LITHUANIA',      'LEADER_RWB_VYTAUTAS',        'LargestEarthCustom',       37,        93),
        ('CIVILIZATION_RWB_LITHUANIA',      'LEADER_RWB_VYTAUTAS',        'LargeEurope',              47,        56),

        ('CIVILIZATION_RWB_LITHUANIA',      'LEADER_RWB_VYTAUTAS',        'Earth128x80',              73,        67),
        ('CIVILIZATION_RWB_LITHUANIA',      'LEADER_RWB_VYTAUTAS',        'Earth128x80_Alt',              75,        67),
        ('CIVILIZATION_RWB_LITHUANIA',      'LEADER_RWB_VYTAUTAS',        'EqualAreaEarth',              74,        72);

CREATE TABLE IF NOT EXISTS MapStartPositions (Map TEXT, Plot INT default 0, Type TEXT, Value TEXT);

INSERT OR IGNORE INTO MapStartPositions
(Map, Plot, Type, Value)
VALUES  ('{0ffac96e-140c-4389-8ae8-6c0cd6391c40}Maps/Giant Earth/PTW_GiantEarth_WB.Civ6Map',9681,'LEADER',          'LEADER_RWB_VYTAUTAS'),
--         ('{0ffac96e-140c-4389-8ae8-6c0cd6391c40}Maps/Giant Earth/PTW_GiantEarth_WB.Civ6Map',9681,'CIVILIZATION',    'CIVILIZATION_RWB_LITHUANIA'),
        ('{4873eb62-8ccc-4574-b784-dda455e74e68}Maps/EarthMaps/TSLWorldMapHuge_XP2.Civ6Map',6830,'LEADER',          'LEADER_RWB_VYTAUTAS');